"","From","To","Survey_id","Question","From_team","To_team"
"1",40,"16",18,"Which of these people did you know personally before?","T5: WOMER","T1: SDesiGn (Old name: Rhythm of Bamboos)"
"2",88,"16",18,"Which of these people did you know personally before?","T1: SDesiGn (Old name: Rhythm of Bamboos)","T1: SDesiGn (Old name: Rhythm of Bamboos)"
"3",88,"16",18,"Who did you seek advice from last week?","T1: SDesiGn (Old name: Rhythm of Bamboos)","T1: SDesiGn (Old name: Rhythm of Bamboos)"
"4",88,"16",18,"Who did you work with last week?","T1: SDesiGn (Old name: Rhythm of Bamboos)","T1: SDesiGn (Old name: Rhythm of Bamboos)"
"5",88,"16",19,"Who did you seek advice from last week?","T1: SDesiGn (Old name: Rhythm of Bamboos)","T1: SDesiGn (Old name: Rhythm of Bamboos)"
"6",88,"16",22,"Who did you work with last week?","T1: SDesiGn (Old name: Rhythm of Bamboos)","T1: SDesiGn (Old name: Rhythm of Bamboos)"
"7",88,"16",19,"Who did you work with last week?","T1: SDesiGn (Old name: Rhythm of Bamboos)","T1: SDesiGn (Old name: Rhythm of Bamboos)"
"8",88,"16",23,"Who did you work with last week?","T1: SDesiGn (Old name: Rhythm of Bamboos)","T1: SDesiGn (Old name: Rhythm of Bamboos)"
"9",88,"16",23,"Who did you seek advice from last week?","T1: SDesiGn (Old name: Rhythm of Bamboos)","T1: SDesiGn (Old name: Rhythm of Bamboos)"
"10",4,"42",23,"Who did you seek advice from last week?","T3: TEAM FOILED","Organizing Team"
"11",4,"42",18,"Who did you seek advice from last week?","T3: TEAM FOILED","Organizing Team"
"12",12,"42",19,"Who did you work with last week?","T14: Eco Winners","Organizing Team"
"13",4,"42",23,"Who did you work with last week?","T3: TEAM FOILED","Organizing Team"
"14",28,"42",23,"Who did you seek advice from last week?","T9: DonateWater","Organizing Team"
"15",4,"42",19,"Who did you work with last week?","T3: TEAM FOILED","Organizing Team"
"16",22,"42",22,"Who did you seek advice from last week?","T3: TEAM FOILED","Organizing Team"
"17",5,"42",19,"Who did you seek advice from last week?","T8: Climate Gender Justice","Organizing Team"
"18",28,"42",22,"Who did you seek advice from last week?","T9: DonateWater","Organizing Team"
"19",5,"42",19,"Who did you work with last week?","T8: Climate Gender Justice","Organizing Team"
"20",15,"42",23,"Who did you work with last week?","T9: DonateWater","Organizing Team"
"21",15,"42",19,"Who did you seek advice from last week?","T9: DonateWater","Organizing Team"
"22",4,"42",18,"Who did you work with last week?","T3: TEAM FOILED","Organizing Team"
"23",5,"42",23,"Who did you seek advice from last week?","T8: Climate Gender Justice","Organizing Team"
"24",19,"42",18,"Who did you work with last week?","T11: Rights of Climate","Organizing Team"
"25",12,"42",22,"Who did you work with last week?","T14: Eco Winners","Organizing Team"
"26",26,"42",22,"Who did you seek advice from last week?","T10: Water Warriors","Organizing Team"
"27",15,"42",19,"Who did you work with last week?","T9: DonateWater","Organizing Team"
"28",7,"42",22,"Who did you seek advice from last week?","T5: WOMER","Organizing Team"
"29",40,"42",22,"Who did you work with last week?","T5: WOMER","Organizing Team"
"30",15,"42",22,"Who did you seek advice from last week?","T9: DonateWater","Organizing Team"
"31",26,"42",23,"Who did you seek advice from last week?","T10: Water Warriors","Organizing Team"
"32",26,"42",23,"Who did you work with last week?","T10: Water Warriors","Organizing Team"
"33",40,"42",23,"Who did you work with last week?","T5: WOMER","Organizing Team"
"34",6,"42",19,"Who did you seek advice from last week?","T4: PAM","Organizing Team"
"35",15,"42",22,"Who did you work with last week?","T9: DonateWater","Organizing Team"
"36",28,"42",18,"Who did you seek advice from last week?","T9: DonateWater","Organizing Team"
"37",28,"42",18,"Who did you work with last week?","T9: DonateWater","Organizing Team"
"38",10,"42",19,"Who did you seek advice from last week?","T9: DonateWater","Organizing Team"
"39",7,"42",18,"Who did you work with last week?","T5: WOMER","Organizing Team"
"40",19,"42",23,"Who did you seek advice from last week?","T11: Rights of Climate","Organizing Team"
"41",15,"42",23,"Who did you seek advice from last week?","T9: DonateWater","Organizing Team"
"42",4,"42",22,"Who did you work with last week?","T3: TEAM FOILED","Organizing Team"
"43",23,"42",19,"Who did you work with last week?","T12: Women 4 Sustainable World","Organizing Team"
"44",19,"42",23,"Who did you work with last week?","T11: Rights of Climate","Organizing Team"
"45",37,"42",22,"Who did you seek advice from last week?","T13: Andapé Institute","Organizing Team"
"46",22,"42",22,"Who did you work with last week?","T3: TEAM FOILED","Organizing Team"
"47",19,"42",18,"Who did you seek advice from last week?","T11: Rights of Climate","Organizing Team"
"48",11,"42",23,"Who did you seek advice from last week?","T8: Climate Gender Justice","Organizing Team"
"49",26,"42",18,"Who did you work with last week?","T10: Water Warriors","Organizing Team"
"50",11,"42",18,"Who did you seek advice from last week?","T8: Climate Gender Justice","Organizing Team"
"51",14,"42",18,"Who did you work with last week?","T2: Flood Rangers","Organizing Team"
"52",5,"42",23,"Who did you work with last week?","T8: Climate Gender Justice","Organizing Team"
"53",39,"42",19,"Who did you work with last week?","T13: Andapé Institute","Organizing Team"
"54",11,"42",19,"Who did you work with last week?","T8: Climate Gender Justice","Organizing Team"
"55",26,"42",22,"Who did you work with last week?","T10: Water Warriors","Organizing Team"
"56",39,"42",18,"Who did you work with last week?","T13: Andapé Institute","Organizing Team"
"57",11,"42",22,"Who did you seek advice from last week?","T8: Climate Gender Justice","Organizing Team"
"58",19,"42",19,"Who did you work with last week?","T11: Rights of Climate","Organizing Team"
"59",19,"42",22,"Who did you seek advice from last week?","T11: Rights of Climate","Organizing Team"
"60",23,"42",22,"Who did you seek advice from last week?","T12: Women 4 Sustainable World","Organizing Team"
"61",10,"42",18,"Who did you seek advice from last week?","T9: DonateWater","Organizing Team"
"62",30,"42",18,"Who did you seek advice from last week?","T6: Women & Technology Against Climate Change","Organizing Team"
"63",19,"42",22,"Who did you work with last week?","T11: Rights of Climate","Organizing Team"
"64",88,"42",18,"Who did you seek advice from last week?","T1: SDesiGn (Old name: Rhythm of Bamboos)","Organizing Team"
"65",23,"42",23,"Who did you seek advice from last week?","T12: Women 4 Sustainable World","Organizing Team"
"66",19,"42",19,"Who did you seek advice from last week?","T11: Rights of Climate","Organizing Team"
"67",23,"42",19,"Who did you seek advice from last week?","T12: Women 4 Sustainable World","Organizing Team"
"68",40,"42",19,"Who did you work with last week?","T5: WOMER","Organizing Team"
"69",40,"42",22,"Who did you seek advice from last week?","T5: WOMER","Organizing Team"
"70",28,"42",19,"Who did you seek advice from last week?","T9: DonateWater","Organizing Team"
"71",23,"42",22,"Who did you work with last week?","T12: Women 4 Sustainable World","Organizing Team"
"72",38,"42",18,"Who did you work with last week?","T13: Andapé Institute","Organizing Team"
"73",12,"42",18,"Who did you work with last week?","T14: Eco Winners","Organizing Team"
"74",26,"42",18,"Who did you seek advice from last week?","T10: Water Warriors","Organizing Team"
"75",20,"42",18,"Who did you work with last week?","T2: Flood Rangers","Organizing Team"
"76",23,"42",23,"Who did you work with last week?","T12: Women 4 Sustainable World","Organizing Team"
"77",23,"42",18,"Who did you seek advice from last week?","T12: Women 4 Sustainable World","Organizing Team"
"78",20,"42",18,"Who did you seek advice from last week?","T2: Flood Rangers","Organizing Team"
"79",40,"42",23,"Who did you seek advice from last week?","T5: WOMER","Organizing Team"
"80",40,"42",19,"Who did you seek advice from last week?","T5: WOMER","Organizing Team"
"81",26,"42",19,"Who did you seek advice from last week?","T10: Water Warriors","Organizing Team"
"82",40,"42",18,"Who did you seek advice from last week?","T5: WOMER","Organizing Team"
"83",12,"42",22,"Who did you seek advice from last week?","T14: Eco Winners","Organizing Team"
"84",40,"7",22,"Who did you work with last week?","T5: WOMER","T5: WOMER"
"85",40,"7",19,"Who did you work with last week?","T5: WOMER","T5: WOMER"
"86",40,"7",23,"Who did you work with last week?","T5: WOMER","T5: WOMER"
"87",4,"44",23,"Who did you seek advice from last week?","T3: TEAM FOILED","Organizing Team"
"88",24,"44",23,"Who did you seek advice from last week?","T6: Women & Technology Against Climate Change","Organizing Team"
"89",7,"44",23,"Who did you seek advice from last week?","T5: WOMER","Organizing Team"
"90",30,"44",22,"Who did you seek advice from last week?","T6: Women & Technology Against Climate Change","Organizing Team"
"91",40,"44",23,"Who did you seek advice from last week?","T5: WOMER","Organizing Team"
"92",36,"44",23,"Who did you seek advice from last week?","T6: Women & Technology Against Climate Change","Organizing Team"
"93",39,"44",22,"Who did you work with last week?","T13: Andapé Institute","Organizing Team"
"94",22,"44",22,"Who did you seek advice from last week?","T3: TEAM FOILED","Organizing Team"
"95",30,"44",23,"Who did you seek advice from last week?","T6: Women & Technology Against Climate Change","Organizing Team"
"96",4,"44",23,"Who did you work with last week?","T3: TEAM FOILED","Organizing Team"
"97",22,"44",23,"Who did you work with last week?","T3: TEAM FOILED","Organizing Team"
"98",38,"44",19,"Who did you seek advice from last week?","T13: Andapé Institute","Organizing Team"
"99",36,"44",23,"Who did you work with last week?","T6: Women & Technology Against Climate Change","Organizing Team"
"100",39,"44",19,"Who did you seek advice from last week?","T13: Andapé Institute","Organizing Team"
"101",4,"22",18,"Which of these people did you know personally before?","T3: TEAM FOILED","T3: TEAM FOILED"
"102",4,"22",23,"Who did you seek advice from last week?","T3: TEAM FOILED","T3: TEAM FOILED"
"103",4,"22",22,"Who did you work with last week?","T3: TEAM FOILED","T3: TEAM FOILED"
"104",4,"22",19,"Who did you seek advice from last week?","T3: TEAM FOILED","T3: TEAM FOILED"
"105",4,"22",23,"Who did you work with last week?","T3: TEAM FOILED","T3: TEAM FOILED"
"106",4,"22",18,"Who did you work with last week?","T3: TEAM FOILED","T3: TEAM FOILED"
"107",4,"22",19,"Who did you work with last week?","T3: TEAM FOILED","T3: TEAM FOILED"
"108",4,"22",18,"Who did you seek advice from last week?","T3: TEAM FOILED","T3: TEAM FOILED"
"109",11,"5",23,"Who did you seek advice from last week?","T8: Climate Gender Justice","T8: Climate Gender Justice"
"110",4,"5",18,"Which of these people did you know personally before?","T3: TEAM FOILED","T8: Climate Gender Justice"
"111",15,"5",18,"Which of these people did you know personally before?","T9: DonateWater","T8: Climate Gender Justice"
"112",11,"5",22,"Who did you seek advice from last week?","T8: Climate Gender Justice","T8: Climate Gender Justice"
"113",11,"5",19,"Who did you work with last week?","T8: Climate Gender Justice","T8: Climate Gender Justice"
"114",11,"5",22,"Who did you work with last week?","T8: Climate Gender Justice","T8: Climate Gender Justice"
"115",11,"5",18,"Who did you seek advice from last week?","T8: Climate Gender Justice","T8: Climate Gender Justice"
"116",11,"5",18,"Who did you work with last week?","T8: Climate Gender Justice","T8: Climate Gender Justice"
"117",11,"5",23,"Who did you work with last week?","T8: Climate Gender Justice","T8: Climate Gender Justice"
"118",7,"13",18,"Which of these people did you know personally before?","T5: WOMER","T3: TEAM FOILED"
"119",4,"13",18,"Who did you work with last week?","T3: TEAM FOILED","T3: TEAM FOILED"
"120",4,"13",23,"Who did you seek advice from last week?","T3: TEAM FOILED","T3: TEAM FOILED"
"121",4,"13",19,"Who did you work with last week?","T3: TEAM FOILED","T3: TEAM FOILED"
"122",22,"13",18,"Which of these people did you know personally before?","T3: TEAM FOILED","T3: TEAM FOILED"
"123",5,"13",18,"Which of these people did you know personally before?","T8: Climate Gender Justice","T3: TEAM FOILED"
"124",4,"13",23,"Who did you work with last week?","T3: TEAM FOILED","T3: TEAM FOILED"
"125",39,"45",18,"Who did you seek advice from last week?","T13: Andapé Institute","Organizing Team"
"126",15,"45",19,"Who did you seek advice from last week?","T9: DonateWater","Organizing Team"
"127",19,"45",18,"Who did you seek advice from last week?","T11: Rights of Climate","Organizing Team"
"128",39,"45",18,"Who did you work with last week?","T13: Andapé Institute","Organizing Team"
"129",30,"45",19,"Who did you work with last week?","T6: Women & Technology Against Climate Change","Organizing Team"
"130",15,"45",23,"Who did you seek advice from last week?","T9: DonateWater","Organizing Team"
"131",23,"45",23,"Who did you work with last week?","T12: Women 4 Sustainable World","Organizing Team"
"132",11,"45",23,"Who did you work with last week?","T8: Climate Gender Justice","Organizing Team"
"133",36,"45",19,"Who did you work with last week?","T6: Women & Technology Against Climate Change","Organizing Team"
"134",15,"45",23,"Who did you work with last week?","T9: DonateWater","Organizing Team"
"135",28,"45",22,"Who did you seek advice from last week?","T9: DonateWater","Organizing Team"
"136",23,"45",22,"Who did you work with last week?","T12: Women 4 Sustainable World","Organizing Team"
"137",39,"45",19,"Who did you work with last week?","T13: Andapé Institute","Organizing Team"
"138",15,"45",19,"Who did you work with last week?","T9: DonateWater","Organizing Team"
"139",36,"45",19,"Who did you seek advice from last week?","T6: Women & Technology Against Climate Change","Organizing Team"
"140",9,"45",18,"Who did you seek advice from last week?","T14: Eco Winners","Organizing Team"
"141",11,"45",22,"Who did you work with last week?","T8: Climate Gender Justice","Organizing Team"
"142",30,"45",19,"Who did you seek advice from last week?","T6: Women & Technology Against Climate Change","Organizing Team"
"143",22,"45",18,"Who did you seek advice from last week?","T3: TEAM FOILED","Organizing Team"
"144",23,"45",23,"Who did you seek advice from last week?","T12: Women 4 Sustainable World","Organizing Team"
"145",39,"45",19,"Who did you seek advice from last week?","T13: Andapé Institute","Organizing Team"
"146",4,"45",22,"Who did you seek advice from last week?","T3: TEAM FOILED","Organizing Team"
"147",36,"45",18,"Who did you work with last week?","T6: Women & Technology Against Climate Change","Organizing Team"
"148",31,"45",19,"Who did you seek advice from last week?","T7: UpGet app - CitiCERN Project","Organizing Team"
"149",23,"45",22,"Who did you seek advice from last week?","T12: Women 4 Sustainable World","Organizing Team"
"150",15,"45",22,"Who did you seek advice from last week?","T9: DonateWater","Organizing Team"
"151",22,"45",23,"Who did you work with last week?","T3: TEAM FOILED","Organizing Team"
"152",15,"45",22,"Who did you work with last week?","T9: DonateWater","Organizing Team"
"153",36,"45",18,"Who did you seek advice from last week?","T6: Women & Technology Against Climate Change","Organizing Team"
"154",28,"15",19,"Who did you work with last week?","T9: DonateWater","T9: DonateWater"
"155",10,"15",19,"Who did you work with last week?","T9: DonateWater","T9: DonateWater"
"156",10,"15",22,"Who did you work with last week?","T9: DonateWater","T9: DonateWater"
"157",9,"15",18,"Who did you seek advice from last week?","T14: Eco Winners","T9: DonateWater"
"158",28,"15",22,"Who did you seek advice from last week?","T9: DonateWater","T9: DonateWater"
"159",28,"15",23,"Who did you seek advice from last week?","T9: DonateWater","T9: DonateWater"
"160",5,"15",18,"Which of these people did you know personally before?","T8: Climate Gender Justice","T9: DonateWater"
"161",28,"15",19,"Who did you seek advice from last week?","T9: DonateWater","T9: DonateWater"
"162",28,"15",22,"Who did you work with last week?","T9: DonateWater","T9: DonateWater"
"163",28,"15",23,"Who did you work with last week?","T9: DonateWater","T9: DonateWater"
"164",10,"15",23,"Who did you work with last week?","T9: DonateWater","T9: DonateWater"
"165",10,"15",18,"Who did you work with last week?","T9: DonateWater","T9: DonateWater"
"166",15,"32",18,"Which of these people did you know personally before?","T9: DonateWater","T11: Rights of Climate"
"167",19,"32",19,"Who did you work with last week?","T11: Rights of Climate","T11: Rights of Climate"
"168",19,"32",18,"Who did you work with last week?","T11: Rights of Climate","T11: Rights of Climate"
"169",5,"32",18,"Which of these people did you know personally before?","T8: Climate Gender Justice","T11: Rights of Climate"
"170",19,"32",18,"Who did you seek advice from last week?","T11: Rights of Climate","T11: Rights of Climate"
"171",19,"32",23,"Who did you work with last week?","T11: Rights of Climate","T11: Rights of Climate"
"172",19,"32",23,"Who did you seek advice from last week?","T11: Rights of Climate","T11: Rights of Climate"
"173",19,"32",19,"Who did you seek advice from last week?","T11: Rights of Climate","T11: Rights of Climate"
"174",14,"32",18,"Which of these people did you know personally before?","T2: Flood Rangers","T11: Rights of Climate"
"175",19,"32",22,"Who did you work with last week?","T11: Rights of Climate","T11: Rights of Climate"
"176",7,"32",18,"Which of these people did you know personally before?","T5: WOMER","T11: Rights of Climate"
"177",19,"32",22,"Who did you seek advice from last week?","T11: Rights of Climate","T11: Rights of Climate"
"178",22,"4",22,"Who did you work with last week?","T3: TEAM FOILED","T3: TEAM FOILED"
"179",5,"4",18,"Which of these people did you know personally before?","T8: Climate Gender Justice","T3: TEAM FOILED"
"180",22,"4",23,"Who did you work with last week?","T3: TEAM FOILED","T3: TEAM FOILED"
"181",22,"4",19,"Who did you work with last week?","T3: TEAM FOILED","T3: TEAM FOILED"
"182",22,"4",23,"Who did you seek advice from last week?","T3: TEAM FOILED","T3: TEAM FOILED"
"183",5,"41",18,"Which of these people did you know personally before?","T8: Climate Gender Justice","T12: Women 4 Sustainable World"
"184",23,"41",18,"Who did you work with last week?","T12: Women 4 Sustainable World","T12: Women 4 Sustainable World"
"185",23,"41",18,"Which of these people did you know personally before?","T12: Women 4 Sustainable World","T12: Women 4 Sustainable World"
"186",5,"11",23,"Who did you work with last week?","T8: Climate Gender Justice","T8: Climate Gender Justice"
"187",5,"11",19,"Who did you work with last week?","T8: Climate Gender Justice","T8: Climate Gender Justice"
"188",5,"11",22,"Who did you work with last week?","T8: Climate Gender Justice","T8: Climate Gender Justice"
"189",5,"11",22,"Who did you seek advice from last week?","T8: Climate Gender Justice","T8: Climate Gender Justice"
"190",5,"11",23,"Who did you seek advice from last week?","T8: Climate Gender Justice","T8: Climate Gender Justice"
"191",19,"52",23,"Who did you work with last week?","T11: Rights of Climate","Organizing Team"
"192",23,"52",23,"Who did you work with last week?","T12: Women 4 Sustainable World","Organizing Team"
"193",88,"52",22,"Who did you seek advice from last week?","T1: SDesiGn (Old name: Rhythm of Bamboos)","Organizing Team"
"194",16,"52",23,"Who did you seek advice from last week?","T1: SDesiGn (Old name: Rhythm of Bamboos)","Organizing Team"
"195",23,"52",19,"Who did you work with last week?","T12: Women 4 Sustainable World","Organizing Team"
"196",28,"52",23,"Who did you seek advice from last week?","T9: DonateWater","Organizing Team"
"197",23,"52",19,"Who did you seek advice from last week?","T12: Women 4 Sustainable World","Organizing Team"
"198",5,"52",19,"Who did you seek advice from last week?","T8: Climate Gender Justice","Organizing Team"
"199",10,"52",22,"Who did you seek advice from last week?","T9: DonateWater","Organizing Team"
"200",19,"52",22,"Who did you work with last week?","T11: Rights of Climate","Organizing Team"
"201",19,"52",22,"Who did you seek advice from last week?","T11: Rights of Climate","Organizing Team"
"202",88,"52",19,"Who did you seek advice from last week?","T1: SDesiGn (Old name: Rhythm of Bamboos)","Organizing Team"
"203",19,"52",19,"Who did you seek advice from last week?","T11: Rights of Climate","Organizing Team"
"204",19,"52",23,"Who did you seek advice from last week?","T11: Rights of Climate","Organizing Team"
"205",26,"52",19,"Who did you seek advice from last week?","T10: Water Warriors","Organizing Team"
"206",6,"24",18,"Who did you seek advice from last week?","T4: PAM","T6: Women & Technology Against Climate Change"
"207",6,"24",18,"Which of these people did you know personally before?","T4: PAM","T6: Women & Technology Against Climate Change"
"208",30,"24",22,"Who did you work with last week?","T6: Women & Technology Against Climate Change","T6: Women & Technology Against Climate Change"
"209",30,"24",23,"Who did you work with last week?","T6: Women & Technology Against Climate Change","T6: Women & Technology Against Climate Change"
"210",36,"24",19,"Who did you work with last week?","T6: Women & Technology Against Climate Change","T6: Women & Technology Against Climate Change"
"211",30,"24",22,"Who did you seek advice from last week?","T6: Women & Technology Against Climate Change","T6: Women & Technology Against Climate Change"
"212",30,"24",18,"Who did you work with last week?","T6: Women & Technology Against Climate Change","T6: Women & Technology Against Climate Change"
"213",30,"24",18,"Who did you seek advice from last week?","T6: Women & Technology Against Climate Change","T6: Women & Technology Against Climate Change"
"214",30,"24",18,"Which of these people did you know personally before?","T6: Women & Technology Against Climate Change","T6: Women & Technology Against Climate Change"
"215",36,"24",18,"Who did you work with last week?","T6: Women & Technology Against Climate Change","T6: Women & Technology Against Climate Change"
"216",30,"24",19,"Who did you work with last week?","T6: Women & Technology Against Climate Change","T6: Women & Technology Against Climate Change"
"217",6,"24",23,"Who did you seek advice from last week?","T4: PAM","T6: Women & Technology Against Climate Change"
"218",36,"24",19,"Who did you seek advice from last week?","T6: Women & Technology Against Climate Change","T6: Women & Technology Against Climate Change"
"219",36,"24",18,"Which of these people did you know personally before?","T6: Women & Technology Against Climate Change","T6: Women & Technology Against Climate Change"
"220",30,"24",23,"Who did you seek advice from last week?","T6: Women & Technology Against Climate Change","T6: Women & Technology Against Climate Change"
"221",36,"24",23,"Who did you work with last week?","T6: Women & Technology Against Climate Change","T6: Women & Technology Against Climate Change"
"222",36,"30",18,"Which of these people did you know personally before?","T6: Women & Technology Against Climate Change","T6: Women & Technology Against Climate Change"
"223",24,"30",19,"Who did you work with last week?","T6: Women & Technology Against Climate Change","T6: Women & Technology Against Climate Change"
"224",6,"30",18,"Which of these people did you know personally before?","T4: PAM","T6: Women & Technology Against Climate Change"
"225",6,"30",23,"Who did you seek advice from last week?","T4: PAM","T6: Women & Technology Against Climate Change"
"226",24,"30",23,"Who did you work with last week?","T6: Women & Technology Against Climate Change","T6: Women & Technology Against Climate Change"
"227",36,"30",23,"Who did you work with last week?","T6: Women & Technology Against Climate Change","T6: Women & Technology Against Climate Change"
"228",6,"30",22,"Who did you seek advice from last week?","T4: PAM","T6: Women & Technology Against Climate Change"
"229",36,"30",19,"Who did you work with last week?","T6: Women & Technology Against Climate Change","T6: Women & Technology Against Climate Change"
"230",6,"30",19,"Who did you seek advice from last week?","T4: PAM","T6: Women & Technology Against Climate Change"
"231",36,"30",18,"Who did you work with last week?","T6: Women & Technology Against Climate Change","T6: Women & Technology Against Climate Change"
"232",36,"30",19,"Who did you seek advice from last week?","T6: Women & Technology Against Climate Change","T6: Women & Technology Against Climate Change"
"233",6,"33",22,"Who did you work with last week?","T4: PAM","T4: PAM"
"234",6,"33",23,"Who did you seek advice from last week?","T4: PAM","T4: PAM"
"235",30,"33",18,"Which of these people did you know personally before?","T6: Women & Technology Against Climate Change","T4: PAM"
"236",36,"33",18,"Which of these people did you know personally before?","T6: Women & Technology Against Climate Change","T4: PAM"
"237",6,"33",19,"Who did you work with last week?","T4: PAM","T4: PAM"
"238",6,"33",18,"Which of these people did you know personally before?","T4: PAM","T4: PAM"
"239",6,"33",18,"Who did you work with last week?","T4: PAM","T4: PAM"
"240",6,"36",22,"Who did you seek advice from last week?","T4: PAM","T6: Women & Technology Against Climate Change"
"241",24,"36",19,"Who did you work with last week?","T6: Women & Technology Against Climate Change","T6: Women & Technology Against Climate Change"
"242",30,"36",22,"Who did you work with last week?","T6: Women & Technology Against Climate Change","T6: Women & Technology Against Climate Change"
"243",30,"36",19,"Who did you work with last week?","T6: Women & Technology Against Climate Change","T6: Women & Technology Against Climate Change"
"244",6,"36",19,"Who did you seek advice from last week?","T4: PAM","T6: Women & Technology Against Climate Change"
"245",30,"36",18,"Which of these people did you know personally before?","T6: Women & Technology Against Climate Change","T6: Women & Technology Against Climate Change"
"246",30,"36",22,"Who did you seek advice from last week?","T6: Women & Technology Against Climate Change","T6: Women & Technology Against Climate Change"
"247",6,"36",23,"Who did you seek advice from last week?","T4: PAM","T6: Women & Technology Against Climate Change"
"248",30,"36",23,"Who did you work with last week?","T6: Women & Technology Against Climate Change","T6: Women & Technology Against Climate Change"
"249",30,"36",18,"Who did you seek advice from last week?","T6: Women & Technology Against Climate Change","T6: Women & Technology Against Climate Change"
"250",30,"36",18,"Who did you work with last week?","T6: Women & Technology Against Climate Change","T6: Women & Technology Against Climate Change"
"251",6,"36",18,"Which of these people did you know personally before?","T4: PAM","T6: Women & Technology Against Climate Change"
"252",6,"36",18,"Who did you seek advice from last week?","T4: PAM","T6: Women & Technology Against Climate Change"
"253",30,"36",23,"Who did you seek advice from last week?","T6: Women & Technology Against Climate Change","T6: Women & Technology Against Climate Change"
"254",6,"21",19,"Who did you work with last week?","T4: PAM","T4: PAM"
"255",6,"21",22,"Who did you work with last week?","T4: PAM","T4: PAM"
"256",30,"21",18,"Which of these people did you know personally before?","T6: Women & Technology Against Climate Change","T4: PAM"
"257",36,"21",18,"Which of these people did you know personally before?","T6: Women & Technology Against Climate Change","T4: PAM"
"258",38,"50",19,"Who did you work with last week?","T13: Andapé Institute","Organizing Team"
"259",11,"50",19,"Who did you seek advice from last week?","T8: Climate Gender Justice","Organizing Team"
"260",39,"50",19,"Who did you work with last week?","T13: Andapé Institute","Organizing Team"
"261",11,"50",19,"Who did you work with last week?","T8: Climate Gender Justice","Organizing Team"
"262",38,"50",18,"Who did you seek advice from last week?","T13: Andapé Institute","Organizing Team"
"263",6,"50",22,"Who did you seek advice from last week?","T4: PAM","Organizing Team"
"264",38,"50",18,"Who did you work with last week?","T13: Andapé Institute","Organizing Team"
"265",7,"40",18,"Who did you seek advice from last week?","T5: WOMER","T5: WOMER"
"266",7,"40",18,"Who did you work with last week?","T5: WOMER","T5: WOMER"
"267",7,"40",23,"Who did you work with last week?","T5: WOMER","T5: WOMER"
"268",7,"40",19,"Who did you work with last week?","T5: WOMER","T5: WOMER"
"269",7,"40",22,"Who did you work with last week?","T5: WOMER","T5: WOMER"
"270",7,"19",19,"Who did you seek advice from last week?","T5: WOMER","T11: Rights of Climate"
"271",9,"12",18,"Who did you seek advice from last week?","T14: Eco Winners","T14: Eco Winners"
"272",9,"12",19,"Who did you seek advice from last week?","T14: Eco Winners","T14: Eco Winners"
"273",9,"12",19,"Who did you work with last week?","T14: Eco Winners","T14: Eco Winners"
"274",15,"12",18,"Which of these people did you know personally before?","T9: DonateWater","T14: Eco Winners"
"275",9,"12",18,"Which of these people did you know personally before?","T14: Eco Winners","T14: Eco Winners"
"276",9,"12",18,"Who did you work with last week?","T14: Eco Winners","T14: Eco Winners"
"277",9,"27",18,"Which of these people did you know personally before?","T14: Eco Winners","T14: Eco Winners"
"278",12,"27",23,"Who did you seek advice from last week?","T14: Eco Winners","T14: Eco Winners"
"279",12,"27",19,"Who did you work with last week?","T14: Eco Winners","T14: Eco Winners"
"280",12,"27",19,"Who did you seek advice from last week?","T14: Eco Winners","T14: Eco Winners"
"281",12,"27",22,"Who did you work with last week?","T14: Eco Winners","T14: Eco Winners"
"282",12,"27",18,"Which of these people did you know personally before?","T14: Eco Winners","T14: Eco Winners"
"283",9,"27",18,"Who did you work with last week?","T14: Eco Winners","T14: Eco Winners"
"284",12,"27",22,"Who did you seek advice from last week?","T14: Eco Winners","T14: Eco Winners"
"285",9,"27",19,"Who did you work with last week?","T14: Eco Winners","T14: Eco Winners"
"286",12,"27",23,"Who did you work with last week?","T14: Eco Winners","T14: Eco Winners"
"287",12,"27",18,"Who did you seek advice from last week?","T14: Eco Winners","T14: Eco Winners"
"288",9,"27",18,"Who did you seek advice from last week?","T14: Eco Winners","T14: Eco Winners"
"289",12,"27",18,"Who did you work with last week?","T14: Eco Winners","T14: Eco Winners"
"290",39,"46",18,"Who did you work with last week?","T13: Andapé Institute","Organizing Team"
"291",15,"46",19,"Who did you work with last week?","T9: DonateWater","Organizing Team"
"292",28,"46",22,"Who did you seek advice from last week?","T9: DonateWater","Organizing Team"
"293",36,"46",23,"Who did you work with last week?","T6: Women & Technology Against Climate Change","Organizing Team"
"294",36,"46",19,"Who did you seek advice from last week?","T6: Women & Technology Against Climate Change","Organizing Team"
"295",30,"46",19,"Who did you seek advice from last week?","T6: Women & Technology Against Climate Change","Organizing Team"
"296",9,"46",18,"Who did you work with last week?","T14: Eco Winners","Organizing Team"
"297",15,"46",19,"Who did you seek advice from last week?","T9: DonateWater","Organizing Team"
"298",36,"46",18,"Who did you seek advice from last week?","T6: Women & Technology Against Climate Change","Organizing Team"
"299",36,"46",18,"Who did you work with last week?","T6: Women & Technology Against Climate Change","Organizing Team"
"300",19,"46",23,"Who did you work with last week?","T11: Rights of Climate","Organizing Team"
"301",36,"46",19,"Who did you work with last week?","T6: Women & Technology Against Climate Change","Organizing Team"
"302",19,"46",22,"Who did you work with last week?","T11: Rights of Climate","Organizing Team"
"303",88,"46",22,"Who did you seek advice from last week?","T1: SDesiGn (Old name: Rhythm of Bamboos)","Organizing Team"
"304",39,"46",19,"Who did you seek advice from last week?","T13: Andapé Institute","Organizing Team"
"305",19,"46",19,"Who did you seek advice from last week?","T11: Rights of Climate","Organizing Team"
"306",15,"46",23,"Who did you seek advice from last week?","T9: DonateWater","Organizing Team"
"307",15,"46",23,"Who did you work with last week?","T9: DonateWater","Organizing Team"
"308",25,"47",22,"Who did you seek advice from last week?","T7: UpGet app - CitiCERN Project","Organizing Team"
"309",9,"47",19,"Who did you seek advice from last week?","T14: Eco Winners","Organizing Team"
"310",25,"47",19,"Who did you seek advice from last week?","T7: UpGet app - CitiCERN Project","Organizing Team"
"311",26,"47",18,"Who did you work with last week?","T10: Water Warriors","Organizing Team"
"312",12,"47",23,"Who did you seek advice from last week?","T14: Eco Winners","Organizing Team"
"313",19,"47",18,"Who did you seek advice from last week?","T11: Rights of Climate","Organizing Team"
"314",15,"47",22,"Who did you work with last week?","T9: DonateWater","Organizing Team"
"315",9,"47",19,"Who did you work with last week?","T14: Eco Winners","Organizing Team"
"316",39,"47",22,"Who did you work with last week?","T13: Andapé Institute","Organizing Team"
"317",12,"47",23,"Who did you work with last week?","T14: Eco Winners","Organizing Team"
"318",15,"28",19,"Who did you work with last week?","T9: DonateWater","T9: DonateWater"
"319",15,"28",23,"Who did you work with last week?","T9: DonateWater","T9: DonateWater"
"320",30,"28",19,"Who did you work with last week?","T6: Women & Technology Against Climate Change","T9: DonateWater"
"321",20,"28",18,"Which of these people did you know personally before?","T2: Flood Rangers","T9: DonateWater"
"322",15,"28",18,"Who did you seek advice from last week?","T9: DonateWater","T9: DonateWater"
"323",20,"28",18,"Who did you seek advice from last week?","T2: Flood Rangers","T9: DonateWater"
"324",10,"28",18,"Which of these people did you know personally before?","T9: DonateWater","T9: DonateWater"
"325",10,"28",18,"Who did you work with last week?","T9: DonateWater","T9: DonateWater"
"326",15,"28",22,"Who did you work with last week?","T9: DonateWater","T9: DonateWater"
"327",10,"28",19,"Who did you work with last week?","T9: DonateWater","T9: DonateWater"
"328",15,"28",22,"Who did you seek advice from last week?","T9: DonateWater","T9: DonateWater"
"329",15,"28",18,"Who did you work with last week?","T9: DonateWater","T9: DonateWater"
"330",15,"28",23,"Who did you seek advice from last week?","T9: DonateWater","T9: DonateWater"
"331",10,"28",23,"Who did you work with last week?","T9: DonateWater","T9: DonateWater"
"332",10,"28",22,"Who did you work with last week?","T9: DonateWater","T9: DonateWater"
"333",28,"8",23,"Who did you seek advice from last week?","T9: DonateWater","T9: DonateWater"
"334",15,"8",22,"Who did you work with last week?","T9: DonateWater","T9: DonateWater"
"335",15,"8",18,"Who did you work with last week?","T9: DonateWater","T9: DonateWater"
"336",28,"8",22,"Who did you work with last week?","T9: DonateWater","T9: DonateWater"
"337",28,"8",22,"Who did you seek advice from last week?","T9: DonateWater","T9: DonateWater"
"338",15,"8",18,"Who did you seek advice from last week?","T9: DonateWater","T9: DonateWater"
"339",10,"8",19,"Who did you work with last week?","T9: DonateWater","T9: DonateWater"
"340",28,"8",19,"Who did you seek advice from last week?","T9: DonateWater","T9: DonateWater"
"341",15,"8",23,"Who did you work with last week?","T9: DonateWater","T9: DonateWater"
"342",28,"8",23,"Who did you work with last week?","T9: DonateWater","T9: DonateWater"
"343",28,"8",19,"Who did you work with last week?","T9: DonateWater","T9: DonateWater"
"344",10,"8",22,"Who did you work with last week?","T9: DonateWater","T9: DonateWater"
"345",15,"8",23,"Who did you seek advice from last week?","T9: DonateWater","T9: DonateWater"
"346",10,"8",18,"Who did you work with last week?","T9: DonateWater","T9: DonateWater"
"347",10,"8",23,"Who did you work with last week?","T9: DonateWater","T9: DonateWater"
"348",15,"8",19,"Who did you work with last week?","T9: DonateWater","T9: DonateWater"
"349",15,"8",22,"Who did you seek advice from last week?","T9: DonateWater","T9: DonateWater"
"350",39,"51",22,"Who did you seek advice from last week?","T13: Andapé Institute","Organizing Team"
"351",11,"51",23,"Who did you work with last week?","T8: Climate Gender Justice","Organizing Team"
"352",11,"51",19,"Who did you work with last week?","T8: Climate Gender Justice","Organizing Team"
"353",38,"51",18,"Who did you seek advice from last week?","T13: Andapé Institute","Organizing Team"
"354",16,"51",23,"Who did you seek advice from last week?","T1: SDesiGn (Old name: Rhythm of Bamboos)","Organizing Team"
"355",38,"51",18,"Who did you work with last week?","T13: Andapé Institute","Organizing Team"
"356",39,"51",22,"Who did you work with last week?","T13: Andapé Institute","Organizing Team"
"357",12,"9",18,"Who did you work with last week?","T14: Eco Winners","T14: Eco Winners"
"358",12,"9",18,"Who did you seek advice from last week?","T14: Eco Winners","T14: Eco Winners"
"359",12,"9",23,"Who did you work with last week?","T14: Eco Winners","T14: Eco Winners"
"360",12,"9",22,"Who did you seek advice from last week?","T14: Eco Winners","T14: Eco Winners"
"361",12,"9",22,"Who did you work with last week?","T14: Eco Winners","T14: Eco Winners"
"362",12,"9",23,"Who did you seek advice from last week?","T14: Eco Winners","T14: Eco Winners"
"363",12,"9",18,"Which of these people did you know personally before?","T14: Eco Winners","T14: Eco Winners"
"364",12,"9",19,"Who did you seek advice from last week?","T14: Eco Winners","T14: Eco Winners"
"365",28,"20",18,"Which of these people did you know personally before?","T9: DonateWater","T2: Flood Rangers"
"366",14,"20",18,"Who did you seek advice from last week?","T2: Flood Rangers","T2: Flood Rangers"
"367",14,"20",18,"Who did you work with last week?","T2: Flood Rangers","T2: Flood Rangers"
"368",28,"10",23,"Who did you seek advice from last week?","T9: DonateWater","T9: DonateWater"
"369",15,"10",19,"Who did you work with last week?","T9: DonateWater","T9: DonateWater"
"370",28,"10",22,"Who did you seek advice from last week?","T9: DonateWater","T9: DonateWater"
"371",15,"10",18,"Who did you seek advice from last week?","T9: DonateWater","T9: DonateWater"
"372",28,"10",19,"Who did you seek advice from last week?","T9: DonateWater","T9: DonateWater"
"373",15,"10",18,"Who did you work with last week?","T9: DonateWater","T9: DonateWater"
"374",15,"10",23,"Who did you seek advice from last week?","T9: DonateWater","T9: DonateWater"
"375",28,"10",23,"Who did you work with last week?","T9: DonateWater","T9: DonateWater"
"376",15,"10",23,"Who did you work with last week?","T9: DonateWater","T9: DonateWater"
"377",15,"10",22,"Who did you work with last week?","T9: DonateWater","T9: DonateWater"
"378",28,"10",22,"Who did you work with last week?","T9: DonateWater","T9: DonateWater"
"379",28,"10",19,"Who did you work with last week?","T9: DonateWater","T9: DonateWater"
"380",15,"10",22,"Who did you seek advice from last week?","T9: DonateWater","T9: DonateWater"
"381",16,"88",19,"Who did you seek advice from last week?","T1: SDesiGn (Old name: Rhythm of Bamboos)","T1: SDesiGn (Old name: Rhythm of Bamboos)"
"382",16,"88",23,"Who did you work with last week?","T1: SDesiGn (Old name: Rhythm of Bamboos)","T1: SDesiGn (Old name: Rhythm of Bamboos)"
"383",16,"88",19,"Who did you work with last week?","T1: SDesiGn (Old name: Rhythm of Bamboos)","T1: SDesiGn (Old name: Rhythm of Bamboos)"
"384",19,"14",18,"Which of these people did you know personally before?","T11: Rights of Climate","T2: Flood Rangers"
"385",20,"14",18,"Who did you work with last week?","T2: Flood Rangers","T2: Flood Rangers"
"386",25,"31",19,"Who did you seek advice from last week?","T7: UpGet app - CitiCERN Project","T7: UpGet app - CitiCERN Project"
"387",36,"31",18,"Who did you seek advice from last week?","T6: Women & Technology Against Climate Change","T7: UpGet app - CitiCERN Project"
"388",25,"31",23,"Who did you work with last week?","T7: UpGet app - CitiCERN Project","T7: UpGet app - CitiCERN Project"
"389",25,"31",18,"Who did you seek advice from last week?","T7: UpGet app - CitiCERN Project","T7: UpGet app - CitiCERN Project"
"390",24,"31",19,"Who did you seek advice from last week?","T6: Women & Technology Against Climate Change","T7: UpGet app - CitiCERN Project"
"391",25,"31",22,"Who did you seek advice from last week?","T7: UpGet app - CitiCERN Project","T7: UpGet app - CitiCERN Project"
"392",25,"31",23,"Who did you seek advice from last week?","T7: UpGet app - CitiCERN Project","T7: UpGet app - CitiCERN Project"
"393",25,"31",19,"Who did you work with last week?","T7: UpGet app - CitiCERN Project","T7: UpGet app - CitiCERN Project"
"394",25,"31",18,"Who did you work with last week?","T7: UpGet app - CitiCERN Project","T7: UpGet app - CitiCERN Project"
"395",25,"31",22,"Who did you work with last week?","T7: UpGet app - CitiCERN Project","T7: UpGet app - CitiCERN Project"
"396",30,"31",19,"Who did you work with last week?","T6: Women & Technology Against Climate Change","T7: UpGet app - CitiCERN Project"
"397",25,"31",18,"Which of these people did you know personally before?","T7: UpGet app - CitiCERN Project","T7: UpGet app - CitiCERN Project"
"398",29,"18",18,"Who did you work with last week?","T10: Water Warriors","T10: Water Warriors"
"399",29,"18",19,"Who did you work with last week?","T10: Water Warriors","T10: Water Warriors"
"400",26,"18",23,"Who did you work with last week?","T10: Water Warriors","T10: Water Warriors"
"401",26,"18",22,"Who did you work with last week?","T10: Water Warriors","T10: Water Warriors"
"402",29,"18",18,"Which of these people did you know personally before?","T10: Water Warriors","T10: Water Warriors"
"403",26,"18",18,"Who did you work with last week?","T10: Water Warriors","T10: Water Warriors"
"404",26,"18",22,"Who did you seek advice from last week?","T10: Water Warriors","T10: Water Warriors"
"405",26,"29",18,"Who did you work with last week?","T10: Water Warriors","T10: Water Warriors"
"406",26,"29",23,"Who did you work with last week?","T10: Water Warriors","T10: Water Warriors"
"407",26,"29",22,"Who did you work with last week?","T10: Water Warriors","T10: Water Warriors"
"408",29,"26",18,"Who did you work with last week?","T10: Water Warriors","T10: Water Warriors"
"409",29,"26",18,"Who did you seek advice from last week?","T10: Water Warriors","T10: Water Warriors"
"410",29,"26",19,"Who did you work with last week?","T10: Water Warriors","T10: Water Warriors"
"411",29,"26",19,"Who did you seek advice from last week?","T10: Water Warriors","T10: Water Warriors"
"412",31,"25",22,"Who did you work with last week?","T7: UpGet app - CitiCERN Project","T7: UpGet app - CitiCERN Project"
"413",31,"25",18,"Who did you work with last week?","T7: UpGet app - CitiCERN Project","T7: UpGet app - CitiCERN Project"
"414",31,"25",19,"Who did you work with last week?","T7: UpGet app - CitiCERN Project","T7: UpGet app - CitiCERN Project"
"415",31,"25",18,"Who did you seek advice from last week?","T7: UpGet app - CitiCERN Project","T7: UpGet app - CitiCERN Project"
"416",31,"25",18,"Which of these people did you know personally before?","T7: UpGet app - CitiCERN Project","T7: UpGet app - CitiCERN Project"
"417",37,"38",18,"Which of these people did you know personally before?","T13: Andapé Institute","T13: Andapé Institute"
"418",39,"38",19,"Who did you work with last week?","T13: Andapé Institute","T13: Andapé Institute"
"419",37,"38",23,"Who did you work with last week?","T13: Andapé Institute","T13: Andapé Institute"
"420",37,"38",19,"Who did you work with last week?","T13: Andapé Institute","T13: Andapé Institute"
"421",39,"38",18,"Who did you work with last week?","T13: Andapé Institute","T13: Andapé Institute"
"422",37,"38",18,"Who did you seek advice from last week?","T13: Andapé Institute","T13: Andapé Institute"
"423",39,"38",18,"Which of these people did you know personally before?","T13: Andapé Institute","T13: Andapé Institute"
"424",37,"38",22,"Who did you work with last week?","T13: Andapé Institute","T13: Andapé Institute"
"425",37,"38",18,"Who did you work with last week?","T13: Andapé Institute","T13: Andapé Institute"
"426",39,"38",22,"Who did you work with last week?","T13: Andapé Institute","T13: Andapé Institute"
"427",38,"39",18,"Which of these people did you know personally before?","T13: Andapé Institute","T13: Andapé Institute"
"428",37,"39",18,"Who did you seek advice from last week?","T13: Andapé Institute","T13: Andapé Institute"
"429",37,"39",23,"Who did you work with last week?","T13: Andapé Institute","T13: Andapé Institute"
"430",38,"39",18,"Who did you seek advice from last week?","T13: Andapé Institute","T13: Andapé Institute"
"431",38,"39",19,"Who did you seek advice from last week?","T13: Andapé Institute","T13: Andapé Institute"
"432",38,"39",19,"Who did you work with last week?","T13: Andapé Institute","T13: Andapé Institute"
"433",37,"39",19,"Who did you work with last week?","T13: Andapé Institute","T13: Andapé Institute"
"434",37,"39",22,"Who did you work with last week?","T13: Andapé Institute","T13: Andapé Institute"
"435",38,"39",18,"Who did you work with last week?","T13: Andapé Institute","T13: Andapé Institute"
"436",37,"39",18,"Which of these people did you know personally before?","T13: Andapé Institute","T13: Andapé Institute"
"437",37,"39",18,"Who did you work with last week?","T13: Andapé Institute","T13: Andapé Institute"
"438",39,"37",18,"Which of these people did you know personally before?","T13: Andapé Institute","T13: Andapé Institute"
"439",38,"37",18,"Which of these people did you know personally before?","T13: Andapé Institute","T13: Andapé Institute"
"440",39,"37",18,"Who did you work with last week?","T13: Andapé Institute","T13: Andapé Institute"
"441",39,"37",22,"Who did you work with last week?","T13: Andapé Institute","T13: Andapé Institute"
"442",39,"37",19,"Who did you work with last week?","T13: Andapé Institute","T13: Andapé Institute"
"443",38,"37",18,"Who did you seek advice from last week?","T13: Andapé Institute","T13: Andapé Institute"
"444",38,"37",18,"Who did you work with last week?","T13: Andapé Institute","T13: Andapé Institute"
"445",38,"37",19,"Who did you seek advice from last week?","T13: Andapé Institute","T13: Andapé Institute"
"446",38,"37",19,"Who did you work with last week?","T13: Andapé Institute","T13: Andapé Institute"
"447",36,"6",18,"Which of these people did you know personally before?","T6: Women & Technology Against Climate Change","T4: PAM"
"448",30,"6",18,"Which of these people did you know personally before?","T6: Women & Technology Against Climate Change","T4: PAM"
"452",39,"49",22,"Who did you work with last week?","T13: Andapé Institute","Organizing Team"
"453",39,"49",22,"Who did you seek advice from last week?","T13: Andapé Institute","Organizing Team"
"454",19,"43",19,"Who did you work with last week?","T11: Rights of Climate","Organizing Team"
"455",23,"43",22,"Who did you work with last week?","T12: Women 4 Sustainable World","Organizing Team"
"456",23,"43",23,"Who did you work with last week?","T12: Women 4 Sustainable World","Organizing Team"
"457",19,"43",23,"Who did you seek advice from last week?","T11: Rights of Climate","Organizing Team"
"458",19,"43",22,"Who did you seek advice from last week?","T11: Rights of Climate","Organizing Team"
"459",23,"43",23,"Who did you seek advice from last week?","T12: Women 4 Sustainable World","Organizing Team"
"460",23,"43",22,"Who did you seek advice from last week?","T12: Women 4 Sustainable World","Organizing Team"
